Date,Country,Cumulative number of case(s),Number of deaths,Number recovered
2003-04-01,Australia,1,0,0
2003-04-02,Australia,1,0,0
2003-04-03,Australia,1,0,0
2003-04-04,Australia,1,0,0
2003-04-05,Australia,1,0,0
2003-04-07,Australia,1,0,0
2003-04-08,Australia,1,0,0
2003-04-17,Australia,3,0,3
2003-04-18,Australia,3,0,3
2003-04-19,Australia,3,0,3
2003-04-21,Australia,3,0,3
2003-04-22,Australia,3,0,3
2003-04-23,Australia,4,0,3
2003-05-22,Australia,6,0,6
2003-05-28,Australia,6,0,6
2003-05-29,Australia,6,0,6
2003-06-30,Australia,5,0,5
2003-04-01,Belgium,1,0,0
2003-04-02,Belgium,1,0,0
2003-04-03,Belgium,1,0,0
2003-04-04,Belgium,1,0,0
2003-04-05,Belgium,1,0,0
2003-04-03,Brazil,1,0,0
2003-04-04,Brazil,1,0,0
2003-04-05,Brazil,1,0,0
2003-04-07,Brazil,1,0,0
2003-04-08,Brazil,1,0,0
2003-04-09,Brazil,1,0,0
2003-04-10,Brazil,2,0,0
2003-04-11,Brazil,2,0,0
2003-04-12,Brazil,2,0,0
2003-04-14,Brazil,2,0,0
2003-04-15,Brazil,2,0,0
2003-04-16,Brazil,2,0,0
2003-04-17,Brazil,2,0,0
2003-04-18,Brazil,2,0,0
2003-04-19,Brazil,2,0,0
2003-04-21,Brazil,2,0,0
2003-04-22,Brazil,2,0,0
2003-04-23,Brazil,2,0,0
2003-04-24,Brazil,2,0,2
2003-04-25,Brazil,2,0,2
2003-04-26,Brazil,2,0,2
2003-04-28,Brazil,2,0,2
2003-04-29,Brazil,2,0,2
2003-04-30,Brazil,2,0,2
2003-05-01,Brazil,2,0,2
2003-05-02,Brazil,2,0,2
2003-05-03,Brazil,2,0,2
2003-05-05,Brazil,2,0,2
2003-05-06,Brazil,2,0,2
2003-05-07,Brazil,2,0,2
2003-05-08,Brazil,2,0,2
2003-05-09,Brazil,2,0,2
2003-05-10,Brazil,2,0,2
2003-05-12,Brazil,2,0,2
2003-05-13,Brazil,2,0,2
2003-05-14,Brazil,2,0,2
2003-05-15,Brazil,2,0,2
2003-05-16,Brazil,2,0,2
2003-05-17,Brazil,2,0,2
2003-05-19,Brazil,2,0,2
2003-05-20,Brazil,2,0,2
2003-05-21,Brazil,2,0,2
2003-05-22,Brazil,2,0,2
2003-05-23,Brazil,2,0,2
2003-05-24,Brazil,2,0,2
2003-05-26,Brazil,2,0,2
2003-05-27,Brazil,2,0,2
2003-05-28,Brazil,2,0,2
2003-05-29,Brazil,2,0,2
2003-05-30,Brazil,2,0,2
2003-05-31,Brazil,2,0,2
2003-06-02,Brazil,2,0,2
2003-06-03,Brazil,2,0,2
2003-06-04,Brazil,2,0,2
2003-06-05,Brazil,2,0,2
2003-06-06,Brazil,2,0,2
2003-06-09,Brazil,2,0,2
2003-06-10,Brazil,3,0,2
2003-06-11,Brazil,3,0,2
2003-06-12,Brazil,3,0,2
2003-06-13,Brazil,3,0,2
2003-06-16,Brazil,3,0,2
2003-06-17,Brazil,3,0,2
2003-06-18,Brazil,3,0,2
2003-06-19,Brazil,3,0,2
2003-06-20,Brazil,3,0,2
2003-06-23,Brazil,3,0,2
2003-06-24,Brazil,3,0,2
2003-06-25,Brazil,3,0,2
2003-06-26,Brazil,3,0,2
2003-06-27,Brazil,3,0,2
2003-06-30,Brazil,3,0,2
2003-07-01,Brazil,1,0,1
2003-07-02,Brazil,1,0,1
2003-07-03,Brazil,1,0,1
2003-07-04,Brazil,1,0,1
2003-07-07,Brazil,1,0,1
2003-07-08,Brazil,1,0,1
2003-07-09,Brazil,1,0,1
2003-07-10,Brazil,1,0,1
2003-07-11,Brazil,1,0,1
2003-04-24,Bulgaria,1,0,0
2003-04-25,Bulgaria,1,0,0
2003-04-26,Bulgaria,1,0,0
2003-04-28,Bulgaria,1,0,0
2003-04-29,Bulgaria,1,0,0
2003-04-30,Bulgaria,1,0,0
2003-05-01,Bulgaria,1,0,0
2003-05-02,Bulgaria,1,0,0
2003-05-03,Bulgaria,1,0,0
2003-05-05,Bulgaria,1,0,0
2003-05-06,Bulgaria,1,0,0
2003-05-07,Bulgaria,1,0,0
2003-05-08,Bulgaria,1,0,0
2003-05-09,Bulgaria,1,0,0
2003-05-10,Bulgaria,1,0,0
2003-05-12,Bulgaria,1,0,0
2003-05-13,Bulgaria,1,0,0
2003-05-14,Bulgaria,1,0,0
2003-05-15,Bulgaria,1,0,0
2003-05-16,Bulgaria,1,0,0
2003-03-17,Canada,8,2,0
2003-03-18,Canada,8,2,0
2003-03-19,Canada,8,2,0
2003-03-20,Canada,9,2,0
2003-03-21,Canada,9,2,0
2003-03-22,Canada,9,2,0
2003-03-24,Canada,11,3,0
2003-03-25,Canada,11,3,0
2003-03-26,Canada,19,3,0
2003-03-27,Canada,28,3,0
2003-03-28,Canada,29,3,0
2003-03-29,Canada,37,3,0
2003-03-31,Canada,44,4,0
2003-04-01,Canada,53,4,0
2003-04-02,Canada,58,6,0
2003-04-03,Canada,62,6,0
2003-04-04,Canada,69,7,0
2003-04-05,Canada,74,7,0
2003-04-07,Canada,90,9,0
2003-04-08,Canada,91,10,0
2003-04-09,Canada,94,10,0
2003-04-10,Canada,97,10,22
2003-04-11,Canada,98,10,25
2003-04-12,Canada,101,10,26
2003-04-14,Canada,100,13,27
2003-04-15,Canada,100,13,27
2003-04-16,Canada,103,13,37
2003-04-17,Canada,126,12,46
2003-04-18,Canada,132,12,54
2003-04-19,Canada,132,12,54
2003-04-21,Canada,132,12,54
2003-04-22,Canada,139,13,65
2003-04-23,Canada,140,13,65
2003-04-24,Canada,140,15,67
2003-04-25,Canada,140,15,74
2003-04-26,Canada,142,18,77
2003-04-28,Canada,142,18,77
2003-04-29,Canada,146,20,86
2003-04-30,Canada,148,20,87
2003-05-01,Canada,147,20,87
2003-05-02,Canada,149,22,93
2003-05-03,Canada,149,22,94
2003-05-05,Canada,148,22,93
2003-05-06,Canada,148,22,93
2003-05-07,Canada,146,22,93
2003-05-08,Canada,146,22,95
2003-05-09,Canada,145,22,94
2003-05-10,Canada,145,22,97
2003-05-12,Canada,143,22,98
2003-05-13,Canada,143,22,99
2003-05-14,Canada,143,23,104
2003-05-15,Canada,142,23,107
2003-05-16,Canada,140,23,106
2003-05-17,Canada,140,23,106
2003-05-19,Canada,140,23,106
2003-05-20,Canada,140,23,106
2003-05-21,Canada,140,23,108
2003-05-22,Canada,140,23,109
2003-05-23,Canada,140,23,109
2003-05-24,Canada,140,23,109
2003-05-26,Canada,148,26,110
2003-05-27,Canada,148,26,111
2003-05-28,Canada,149,26,111
2003-05-29,Canada,151,26,112
2003-05-30,Canada,159,28,112
2003-05-31,Canada,188,30,116
2003-06-02,Canada,198,30,116
2003-06-03,Canada,213,31,116
2003-06-04,Canada,216,31,121
2003-06-05,Canada,218,31,120
2003-06-06,Canada,219,31,120
2003-06-09,Canada,229,32,128
2003-06-10,Canada,229,32,131
2003-06-11,Canada,230,32,134
2003-06-12,Canada,238,32,141
2003-06-13,Canada,242,32,150
2003-06-16,Canada,243,32,156
2003-06-17,Canada,247,32,171
2003-06-18,Canada,246,33,176
2003-06-19,Canada,245,34,175
2003-06-20,Canada,245,34,180
2003-06-23,Canada,246,35,182
2003-06-24,Canada,249,37,188
2003-06-25,Canada,250,37,188
2003-06-26,Canada,251,37,190
2003-06-27,Canada,251,37,191
2003-06-30,Canada,252,37,192
2003-07-01,Canada,252,38,192
2003-07-02,Canada,252,38,192
2003-07-03,Canada,251,38,193
2003-07-04,Canada,251,38,193
2003-07-07,Canada,251,38,193
2003-07-08,Canada,250,38,194
2003-07-09,Canada,249,38,193
2003-07-10,Canada,250,38,194
2003-07-11,Canada,250,38,194
2003-03-17,China,95,1,0
2003-03-18,China,126,1,0
2003-03-19,China,153,5,0
2003-03-20,China,177,6,0
2003-03-21,China,209,6,0
2003-03-22,China,228,7,0
2003-03-24,China,266,10,0
2003-03-25,China,292,10,0
2003-03-26,China,1114,41,0
2003-03-27,China,1179,44,0
2003-03-28,China,1241,44,0
2003-03-29,China,1286,44,0
2003-03-31,China,1346,47,0
2003-04-01,China,1504,50,0
2003-04-02,China,1911,62,0
2003-04-03,China,1938,63,0
2003-04-04,China,1996,66,0
2003-04-05,China,2037,69,0
2003-04-07,China,2172,76,0
2003-04-08,China,2226,78,0
2003-04-09,China,2269,80,0
2003-04-10,China,2307,85,1184
2003-04-11,China,2389,90,1212
2003-04-12,China,2440,93,1259
2003-04-13,China,2479,97,1298
2003-04-14,China,2631,111,1324
2003-04-15,China,2673,120,1338
2003-04-16,China,2727,125,1361
2003-04-17,China,2781,130,1389
2003-04-18,China,2899,146,1520
2003-04-19,China,2899,146,1520
2003-04-21,China,3390,180,1640
2003-04-22,China,3464,191,1683
2003-04-23,China,3800,211,1774
2003-04-24,China,3947,219,1842
2003-04-25,China,4152,230,1912
2003-04-26,China,4329,243,1942
2003-04-28,China,4537,269,2034
2003-04-29,China,4941,298,2106
2003-04-30,China,5128,317,2148
2003-05-01,China,5328,335,2210
2003-05-02,China,5511,359,2275
2003-05-03,China,5693,377,2329
2003-05-05,China,6034,401,2388
2003-05-06,China,6172,417,2443
2003-05-07,China,6340,434,2497
2003-05-08,China,6491,445,2563
2003-05-09,China,6622,453,2623
2003-05-10,China,6731,465,2681
2003-05-12,China,6881,490,2785
2003-05-13,China,6983,511,2885
2003-05-14,China,7061,524,2977
2003-05-15,China,7131,535,3056
2003-05-16,China,7172,548,3164
2003-05-17,China,7194,560,3246
2003-05-19,China,7295,580,3411
2003-05-20,China,7350,599,3546
2003-05-21,China,7387,603,3643
2003-05-22,China,7478,618,3766
2003-05-23,China,7549,623,3881
2003-05-24,China,7573,630,4023
2003-05-26,China,7629,656,4217
2003-05-27,China,7648,666,4341
2003-05-28,China,7665,676,4443
2003-05-29,China,7718,681,4545
2003-05-30,China,7732,683,4679
2003-05-31,China,7744,691,4810
2003-06-02,China,7759,697,4949
2003-06-03,China,7756,698,5021
2003-06-04,China,7756,698,5286
2003-06-05,China,7755,701,5371
2003-06-06,China,7756,705,5477
2003-06-09,China,7762,709,5809
2003-06-10,China,7769,714,5982
2003-06-11,China,7771,714,6103
2003-06-12,China,7772,715,6182
2003-06-13,China,7776,717,6296
2003-06-16,China,7780,724,6486
2003-06-17,China,7779,724,6573
2003-06-18,China,7779,725,6625
2003-06-19,China,7777,727,6655
2003-06-20,China,7777,727,6690
2003-06-23,China,7774,727,6793
2003-06-24,China,7769,727,6811
2003-06-25,China,7769,728,6828
2003-06-26,China,7765,728,6832
2003-06-27,China,7764,729,6836
2003-06-30,China,7761,730,6852
2003-07-01,China,7761,730,6858
2003-07-02,China,7759,730,6861
2003-07-03,China,7757,730,6861
2003-07-04,China,7757,730,6865
2003-07-07,China,7757,730,6865
2003-07-08,China,7754,730,6873
2003-07-09,China,7754,730,6875
2003-07-10,China,7754,730,6879
2003-07-11,China,7754,730,6882
2003-05-06,Colombia,1,0,1
2003-05-07,Colombia,1,0,1
2003-05-08,Colombia,1,0,1
2003-05-09,Colombia,1,0,1
2003-05-10,Colombia,1,0,1
2003-05-12,Colombia,1,0,1
2003-05-13,Colombia,1,0,1
2003-05-14,Colombia,1,0,1
2003-05-15,Colombia,1,0,1
2003-05-16,Colombia,1,0,1
2003-05-17,Colombia,1,0,1
2003-05-19,Colombia,1,0,1
2003-05-20,Colombia,1,0,1
2003-05-21,Colombia,1,0,1
2003-05-22,Colombia,1,0,1
2003-05-23,Colombia,1,0,1
2003-05-24,Colombia,1,0,1
2003-05-26,Colombia,1,0,1
2003-05-27,Colombia,1,0,1
2003-05-28,Colombia,1,0,1
2003-05-29,Colombia,1,0,1
2003-05-30,Colombia,1,0,1
2003-05-31,Colombia,1,0,1
2003-06-02,Colombia,1,0,1
2003-06-03,Colombia,1,0,1
2003-06-04,Colombia,1,0,1
2003-06-05,Colombia,1,0,1
2003-06-06,Colombia,1,0,1
2003-06-09,Colombia,1,0,1
2003-06-10,Colombia,1,0,1
2003-06-11,Colombia,1,0,1
2003-06-12,Colombia,1,0,1
2003-06-13,Colombia,1,0,1
2003-06-16,Colombia,1,0,1
2003-06-17,Colombia,1,0,1
2003-06-18,Colombia,1,0,1
2003-06-19,Colombia,1,0,1
2003-06-20,Colombia,1,0,1
2003-06-23,Colombia,1,0,1
2003-06-24,Colombia,1,0,1
2003-06-25,Colombia,1,0,1
2003-06-26,Colombia,1,0,1
2003-06-27,Colombia,1,0,1
2003-06-30,Colombia,1,0,1
2003-07-01,Colombia,1,0,1
2003-07-02,Colombia,1,0,1
2003-07-03,Colombia,1,0,1
2003-07-04,Colombia,1,0,1
2003-07-07,Colombia,1,0,1
2003-07-08,Colombia,1,0,1
2003-07-09,Colombia,1,0,1
2003-07-10,Colombia,1,0,1
2003-07-11,Colombia,1,0,1
2003-05-08,Finland,1,0,0
2003-05-09,Finland,1,0,0
2003-05-10,Finland,1,0,0
2003-05-12,Finland,1,0,0
2003-05-13,Finland,1,0,0
2003-05-14,Finland,1,0,0
2003-05-15,Finland,1,0,0
2003-05-16,Finland,1,0,0
2003-05-17,Finland,1,0,0
2003-05-19,Finland,1,0,0
2003-05-20,Finland,1,0,0
2003-05-21,Finland,1,0,1
2003-05-22,Finland,1,0,1
2003-05-23,Finland,1,0,1
2003-05-24,Finland,1,0,1
2003-05-26,Finland,1,0,1
2003-05-27,Finland,1,0,1
2003-05-28,Finland,1,0,1
2003-05-29,Finland,1,0,1
2003-05-30,Finland,1,0,1
2003-05-31,Finland,1,0,1
2003-06-02,Finland,1,0,1
2003-06-03,Finland,1,0,1
2003-06-04,Finland,1,0,1
2003-06-05,Finland,1,0,1
2003-06-06,Finland,1,0,1
2003-06-09,Finland,1,0,1
2003-06-10,Finland,1,0,1
2003-06-11,Finland,1,0,1
2003-06-12,Finland,1,0,1
2003-06-13,Finland,1,0,1
2003-06-16,Finland,1,0,1
2003-06-17,Finland,1,0,1
2003-06-18,Finland,1,0,1
2003-06-19,Finland,1,0,1
2003-06-20,Finland,1,0,1
2003-06-23,Finland,1,0,1
2003-06-24,Finland,1,0,1
2003-06-25,Finland,1,0,1
2003-06-26,Finland,1,0,1
2003-06-27,Finland,1,0,1
2003-06-30,Finland,1,0,1
2003-07-01,Finland,1,0,1
2003-07-02,Finland,1,0,1
2003-07-03,Finland,1,0,1
2003-07-04,Finland,1,0,1
2003-07-07,Finland,1,0,1
2003-07-08,Finland,1,0,1
2003-07-09,Finland,1,0,1
2003-07-10,Finland,1,0,1
2003-07-11,Finland,1,0,1
2003-03-24,France,1,0,0
2003-03-25,France,1,0,0
2003-03-26,France,1,0,0
2003-03-27,France,1,0,0
2003-03-28,France,1,0,0
2003-03-29,France,1,0,0
2003-03-31,France,1,0,0
2003-04-01,France,1,0,0
2003-04-02,France,1,0,0
2003-04-03,France,3,0,0
2003-04-04,France,3,0,0
2003-04-05,France,3,0,0
2003-04-07,France,3,0,0
2003-04-08,France,4,0,0
2003-04-09,France,4,0,0
2003-04-10,France,4,0,0
2003-04-11,France,5,0,0
2003-04-12,France,5,0,1
2003-04-14,France,5,0,1
2003-04-15,France,5,0,1
2003-04-16,France,5,0,1
2003-04-17,France,5,0,1
2003-04-18,France,5,0,1
2003-04-19,France,5,0,1
2003-04-21,France,5,0,1
2003-04-22,France,5,0,1
2003-04-23,France,5,0,1
2003-04-24,France,5,0,1
2003-04-25,France,5,0,1
2003-04-26,France,5,0,1
2003-04-28,France,5,0,1
2003-04-29,France,5,0,1
2003-04-30,France,5,0,1
2003-05-01,France,5,0,1
2003-05-02,France,5,0,4
2003-05-03,France,5,0,4
2003-05-05,France,5,0,4
2003-05-06,France,5,0,4
2003-05-07,France,6,0,4
2003-05-08,France,6,0,4
2003-05-09,France,6,0,4
2003-05-10,France,7,0,4
2003-05-12,France,7,0,4
2003-05-13,France,7,0,4
2003-05-14,France,7,0,4
2003-05-15,France,7,0,4
2003-05-16,France,7,0,4
2003-05-17,France,7,0,6
2003-05-19,France,7,0,6
2003-05-20,France,7,0,6
2003-05-21,France,7,0,6
2003-05-22,France,7,0,6
2003-05-23,France,7,0,6
2003-05-24,France,7,0,6
2003-05-26,France,7,0,6
2003-05-27,France,7,0,6
2003-05-28,France,7,0,6
2003-05-29,France,7,0,6
2003-05-30,France,7,0,6
2003-05-31,France,7,0,6
2003-06-02,France,7,0,6
2003-06-03,France,7,0,6
2003-06-04,France,7,0,6
2003-06-05,France,7,0,6
2003-06-06,France,7,0,6
2003-06-09,France,7,0,6
2003-06-10,France,7,0,6
2003-06-11,France,7,0,6
2003-06-12,France,7,0,6
2003-06-13,France,7,0,6
2003-06-16,France,7,0,6
2003-06-17,France,7,0,6
2003-06-18,France,7,0,6
2003-06-19,France,7,0,6
2003-06-20,France,7,0,6
2003-06-23,France,7,0,6
2003-06-24,France,7,0,6
2003-06-25,France,7,0,6
2003-06-26,France,7,0,6
2003-06-27,France,7,0,6
2003-06-30,France,7,0,6
2003-07-01,France,7,0,6
2003-07-02,France,7,0,6
2003-07-03,France,7,0,6
2003-07-04,France,7,0,6
2003-07-07,France,7,0,6
2003-07-08,France,7,0,6
2003-07-09,France,7,0,6
2003-07-10,France,7,0,6
2003-07-11,France,7,1,6
2003-03-17,Germany,1,0,0
2003-03-18,Germany,2,0,0
2003-03-19,Germany,1,0,0
2003-03-20,Germany,1,0,0
2003-03-21,Germany,1,0,0
2003-03-22,Germany,2,0,0
2003-03-24,Germany,4,0,0
2003-03-25,Germany,4,0,0
2003-03-26,Germany,4,0,0
2003-03-27,Germany,4,0,0
2003-03-28,Germany,4,0,0
2003-03-29,Germany,4,0,0
2003-03-31,Germany,5,0,0
2003-04-01,Germany,5,0,0
2003-04-02,Germany,5,0,0
2003-04-03,Germany,5,0,0
2003-04-04,Germany,5,0,0
2003-04-05,Germany,5,0,0
2003-04-07,Germany,5,0,0
2003-04-08,Germany,5,0,0
2003-04-09,Germany,5,0,0
2003-04-10,Germany,6,0,2
2003-04-11,Germany,6,0,4
2003-04-12,Germany,6,0,4
2003-04-14,Germany,6,0,4
2003-04-15,Germany,6,0,4
2003-04-16,Germany,6,0,4
2003-04-17,Germany,6,0,4
2003-04-18,Germany,6,0,4
2003-04-19,Germany,6,0,4
2003-04-21,Germany,6,0,4
2003-04-22,Germany,7,0,6
2003-04-23,Germany,7,0,6
2003-04-24,Germany,7,0,6
2003-04-25,Germany,7,0,6
2003-04-26,Germany,7,0,6
2003-04-28,Germany,7,0,6
2003-04-29,Germany,7,0,6
2003-04-30,Germany,7,0,7
2003-05-01,Germany,7,0,7
2003-05-02,Germany,7,0,7
2003-05-03,Germany,7,0,7
2003-05-05,Germany,7,0,7
2003-05-06,Germany,7,0,7
2003-05-07,Germany,8,0,7
2003-05-08,Germany,8,0,7
2003-05-09,Germany,9,0,9
2003-05-10,Germany,9,0,9
2003-05-12,Germany,9,0,9
2003-05-13,Germany,9,0,9
2003-05-14,Germany,9,0,9
2003-05-15,Germany,9,0,9
2003-05-16,Germany,9,0,9
2003-05-17,Germany,9,0,9
2003-05-19,Germany,9,0,9
2003-05-20,Germany,9,0,9
2003-05-21,Germany,9,0,9
2003-05-22,Germany,9,0,9
2003-05-23,Germany,9,0,9
2003-05-24,Germany,9,0,9
2003-05-26,Germany,9,0,9
2003-05-27,Germany,9,0,9
2003-05-28,Germany,9,0,9
2003-05-29,Germany,9,0,9
2003-05-30,Germany,9,0,9
2003-05-31,Germany,10,0,9
2003-06-02,Germany,10,0,9
2003-06-03,Germany,10,0,9
2003-06-04,Germany,10,0,9
2003-06-05,Germany,10,0,9
2003-06-06,Germany,10,0,9
2003-06-09,Germany,10,0,9
2003-06-10,Germany,10,0,9
2003-06-11,Germany,10,0,9
2003-06-12,Germany,10,0,9
2003-06-13,Germany,10,0,9
2003-06-16,Germany,10,0,9
2003-06-17,Germany,10,0,9
2003-06-18,Germany,10,0,9
2003-06-19,Germany,10,0,9
2003-06-20,Germany,10,0,9
2003-06-23,Germany,10,0,9
2003-06-24,Germany,10,0,9
2003-06-25,Germany,10,0,9
2003-06-26,Germany,10,0,9
2003-06-27,Germany,10,0,9
2003-06-30,Germany,10,0,9
2003-07-01,Germany,10,0,9
2003-07-02,Germany,10,0,9
2003-07-03,Germany,10,0,9
2003-07-04,Germany,10,0,9
2003-07-07,Germany,10,0,9
2003-07-08,Germany,10,0,9
2003-07-09,Germany,10,0,9
2003-07-10,Germany,10,0,9
2003-07-11,Germany,10,0,9
2003-04-17,India,1,0,0
2003-04-18,India,1,0,1
2003-04-19,India,1,0,1
2003-04-21,India,1,0,1
2003-04-22,India,1,0,1
2003-04-23,India,1,0,1
2003-04-24,India,1,0,1
2003-04-25,India,1,0,1
2003-04-26,India,1,0,1
2003-04-28,India,1,0,1
2003-04-29,India,1,0,1
2003-05-06,India,1,0,0
2003-05-07,India,1,0,0
2003-05-08,India,1,0,0
2003-05-09,India,1,0,0
2003-05-10,India,1,0,0
2003-05-12,India,1,0,0
2003-05-13,India,3,0,0
2003-05-14,India,3,0,0
2003-05-15,India,3,0,3
2003-05-16,India,3,0,3
2003-05-17,India,3,0,3
2003-05-19,India,3,0,3
2003-05-20,India,3,0,3
2003-05-21,India,3,0,3
2003-05-22,India,3,0,3
2003-05-23,India,3,0,3
2003-05-24,India,3,0,3
2003-05-26,India,3,0,3
2003-05-27,India,3,0,3
2003-05-28,India,3,0,3
2003-05-29,India,3,0,3
2003-05-30,India,3,0,3
2003-05-31,India,3,0,3
2003-06-02,India,3,0,3
2003-06-03,India,3,0,3
2003-06-04,India,3,0,3
2003-06-05,India,3,0,3
2003-06-06,India,3,0,3
2003-06-09,India,3,0,3
2003-06-10,India,3,0,3
2003-06-11,India,3,0,3
2003-06-12,India,3,0,3
2003-06-13,India,3,0,3
2003-06-16,India,3,0,3
2003-06-17,India,3,0,3
2003-06-18,India,3,0,3
2003-06-19,India,3,0,3
2003-06-20,India,3,0,3
2003-06-23,India,3,0,3
2003-06-24,India,3,0,3
2003-06-25,India,3,0,3
2003-06-26,India,3,0,3
2003-06-27,India,3,0,3
2003-06-30,India,3,0,3
2003-07-01,India,3,0,3
2003-07-02,India,3,0,3
2003-07-03,India,3,0,3
2003-07-04,India,3,0,3
2003-07-07,India,3,0,3
2003-07-08,India,3,0,3
2003-07-09,India,3,0,3
2003-07-10,India,3,0,3
2003-07-11,India,3,0,3
2003-04-14,Indonesia,1,0,0
2003-04-15,Indonesia,1,0,0
2003-04-16,Indonesia,1,0,0
2003-04-17,Indonesia,1,0,0
2003-04-18,Indonesia,1,0,0
2003-04-19,Indonesia,1,0,0
2003-04-21,Indonesia,1,0,0
2003-04-22,Indonesia,1,0,0
2003-04-23,Indonesia,1,0,0
2003-04-24,Indonesia,1,0,1
2003-04-25,Indonesia,1,0,1
2003-04-26,Indonesia,1,0,1
2003-04-28,Indonesia,1,0,1
2003-04-29,Indonesia,1,0,1
2003-04-30,Indonesia,2,0,1
2003-05-01,Indonesia,2,0,1
2003-05-02,Indonesia,2,0,1
2003-05-03,Indonesia,2,0,1
2003-05-05,Indonesia,2,0,1
2003-05-06,Indonesia,2,0,1
2003-05-07,Indonesia,2,0,1
2003-05-08,Indonesia,2,0,1
2003-05-09,Indonesia,2,0,1
2003-05-10,Indonesia,2,0,1
2003-05-12,Indonesia,2,0,1
2003-05-13,Indonesia,2,0,1
2003-05-14,Indonesia,2,0,2
2003-05-15,Indonesia,2,0,2
2003-05-16,Indonesia,2,0,2
2003-05-17,Indonesia,2,0,2
2003-05-19,Indonesia,2,0,2
2003-05-20,Indonesia,2,0,2
2003-05-21,Indonesia,2,0,2
2003-05-22,Indonesia,2,0,2
2003-05-23,Indonesia,2,0,2
2003-05-24,Indonesia,2,0,2
2003-05-26,Indonesia,2,0,2
2003-05-27,Indonesia,2,0,2
2003-05-28,Indonesia,2,0,2
2003-05-29,Indonesia,2,0,2
2003-05-30,Indonesia,2,0,2
2003-05-31,Indonesia,2,0,2
2003-06-02,Indonesia,2,0,2
2003-06-03,Indonesia,2,0,2
2003-06-04,Indonesia,2,0,2
2003-06-05,Indonesia,2,0,2
2003-06-06,Indonesia,2,0,2
2003-06-09,Indonesia,2,0,2
2003-06-10,Indonesia,2,0,2
2003-06-11,Indonesia,2,0,2
2003-06-12,Indonesia,2,0,2
2003-06-13,Indonesia,2,0,2
2003-06-16,Indonesia,2,0,2
2003-06-17,Indonesia,2,0,2
2003-06-18,Indonesia,2,0,2
2003-06-19,Indonesia,2,0,2
2003-06-20,Indonesia,2,0,2
2003-06-23,Indonesia,2,0,2
2003-06-24,Indonesia,2,0,2
2003-06-25,Indonesia,2,0,2
2003-06-26,Indonesia,2,0,2
2003-06-27,Indonesia,2,0,2
2003-06-30,Indonesia,2,0,2
2003-07-01,Indonesia,2,0,2
2003-07-02,Indonesia,2,0,2
2003-07-03,Indonesia,2,0,2
2003-07-04,Indonesia,2,0,2
2003-07-07,Indonesia,2,0,2
2003-07-08,Indonesia,2,0,2
2003-07-09,Indonesia,2,0,2
2003-07-10,Indonesia,2,0,2
2003-07-11,Indonesia,2,0,2
2003-03-21,Italy,1,0,0
2003-03-22,Italy,2,0,0
2003-03-24,Italy,2,0,0
2003-03-25,Italy,2,0,0
2003-03-26,Italy,3,0,0
2003-03-27,Italy,2,0,0
2003-03-28,Italy,2,0,0
2003-03-29,Italy,2,0,0
2003-03-31,Italy,2,0,0
2003-04-01,Italy,3,0,0
2003-04-02,Italy,3,0,0
2003-04-03,Italy,3,0,0
2003-04-04,Italy,3,0,0
2003-04-05,Italy,3,0,0
2003-04-07,Italy,3,0,0
2003-04-08,Italy,3,0,0
2003-04-09,Italy,3,0,0
2003-04-10,Italy,3,0,1
2003-04-11,Italy,3,0,2
2003-04-12,Italy,3,0,2
2003-04-14,Italy,3,0,2
2003-04-15,Italy,3,0,2
2003-04-16,Italy,3,0,2
2003-04-17,Italy,3,0,2
2003-04-18,Italy,3,0,2
2003-04-19,Italy,3,0,2
2003-04-21,Italy,3,0,2
2003-04-22,Italy,3,0,2
2003-04-23,Italy,3,0,2
2003-04-24,Italy,4,0,3
2003-04-25,Italy,4,0,3
2003-04-26,Italy,4,0,3
2003-04-28,Italy,8,0,3
2003-04-29,Italy,9,0,4
2003-04-30,Italy,9,0,4
2003-05-01,Italy,9,0,4
2003-05-02,Italy,9,0,4
2003-05-03,Italy,9,0,4
2003-05-05,Italy,9,0,4
2003-05-06,Italy,9,0,4
2003-05-07,Italy,9,0,5
2003-05-08,Italy,9,0,6
2003-05-09,Italy,9,0,9
2003-05-10,Italy,9,0,9
2003-05-12,Italy,9,0,8
2003-05-13,Italy,9,0,9
2003-05-14,Italy,9,0,9
2003-05-15,Italy,9,0,9
2003-05-16,Italy,9,0,9
2003-05-17,Italy,9,0,9
2003-05-19,Italy,9,0,9
2003-05-20,Italy,9,0,9
2003-05-21,Italy,9,0,9
2003-05-22,Italy,9,0,9
2003-05-23,Italy,9,0,9
2003-05-24,Italy,9,0,9
2003-05-26,Italy,9,0,9
2003-05-27,Italy,9,0,9
2003-05-28,Italy,9,0,9
2003-05-29,Italy,9,0,9
2003-05-30,Italy,9,0,9
2003-05-31,Italy,9,0,9
2003-06-02,Italy,9,0,9
2003-06-03,Italy,9,0,9
2003-06-04,Italy,9,0,9
2003-06-05,Italy,9,0,9
2003-06-06,Italy,9,0,9
2003-06-09,Italy,9,0,9
2003-06-10,Italy,9,0,9
2003-06-11,Italy,9,0,9
2003-06-12,Italy,9,0,9
2003-06-13,Italy,9,0,9
2003-06-16,Italy,9,0,9
2003-06-17,Italy,9,0,9
2003-06-18,Italy,9,0,9
2003-06-19,Italy,9,0,9
2003-06-20,Italy,9,0,9
2003-06-23,Italy,9,0,9
2003-06-24,Italy,9,0,9
2003-06-25,Italy,9,0,9
2003-06-26,Italy,9,0,9
2003-06-27,Italy,5,0,5
2003-06-30,Italy,5,0,5
2003-07-01,Italy,5,0,5
2003-07-02,Italy,4,0,4
2003-07-03,Italy,4,0,4
2003-07-04,Italy,4,0,4
2003-07-07,Italy,4,0,4
2003-07-08,Italy,4,0,4
2003-07-09,Italy,4,0,4
2003-07-10,Italy,4,0,4
2003-07-11,Italy,4,0,4
2003-04-11,Japan,4,0,0
2003-04-12,Japan,4,0,0
2003-04-15,Japan,1,0,0
2003-04-16,Japan,1,0,0
2003-04-17,Japan,2,0,0
2003-04-18,Japan,4,0,0
2003-04-19,Japan,4,0,0
2003-04-21,Japan,5,0,0
2003-04-22,Japan,2,0,0
2003-04-23,Japan,2,0,0
2003-04-24,Japan,2,0,0
2003-04-25,Japan,2,0,0
2003-04-26,Japan,2,0,0
2003-04-28,Japan,2,0,0
2003-04-29,Japan,2,0,0
2003-04-30,Japan,2,0,0
2003-05-01,Japan,2,0,0
2003-06-25,Japan,1,0,0
2003-06-26,Japan,1,0,0
2003-04-10,Kuwait,1,0,0
2003-04-11,Kuwait,1,0,0
2003-04-12,Kuwait,1,0,0
2003-04-14,Kuwait,1,0,0
2003-04-15,Kuwait,1,0,0
2003-04-16,Kuwait,1,0,0
2003-04-17,Kuwait,1,0,0
2003-04-18,Kuwait,1,0,0
2003-04-19,Kuwait,1,0,0
2003-04-21,Kuwait,1,0,1
2003-04-22,Kuwait,1,0,1
2003-04-23,Kuwait,1,0,1
2003-04-24,Kuwait,1,0,1
2003-04-25,Kuwait,1,0,1
2003-04-26,Kuwait,1,0,1
2003-04-28,Kuwait,1,0,1
2003-04-29,Kuwait,1,0,1
2003-04-30,Kuwait,1,0,1
2003-05-01,Kuwait,1,0,1
2003-05-02,Kuwait,1,0,1
2003-05-03,Kuwait,1,0,1
2003-05-05,Kuwait,1,0,1
2003-05-06,Kuwait,1,0,1
2003-05-07,Kuwait,1,0,1
2003-05-08,Kuwait,1,0,1
2003-05-09,Kuwait,1,0,1
2003-05-10,Kuwait,1,0,1
2003-05-12,Kuwait,1,0,1
2003-05-13,Kuwait,1,0,1
2003-05-14,Kuwait,1,0,1
2003-05-15,Kuwait,1,0,1
2003-05-16,Kuwait,1,0,1
2003-05-17,Kuwait,1,0,1
2003-05-19,Kuwait,1,0,1
2003-05-20,Kuwait,1,0,1
2003-05-21,Kuwait,1,0,1
2003-05-22,Kuwait,1,0,1
2003-05-23,Kuwait,1,0,1
2003-05-24,Kuwait,1,0,1
2003-05-26,Kuwait,1,0,1
2003-05-27,Kuwait,1,0,1
2003-05-28,Kuwait,1,0,1
2003-05-29,Kuwait,1,0,1
2003-05-30,Kuwait,1,0,1
2003-05-31,Kuwait,1,0,1
2003-06-02,Kuwait,1,0,1
2003-06-03,Kuwait,1,0,1
2003-06-04,Kuwait,1,0,1
2003-06-05,Kuwait,1,0,1
2003-06-06,Kuwait,1,0,1
2003-06-09,Kuwait,1,0,1
2003-06-10,Kuwait,1,0,1
2003-06-11,Kuwait,1,0,1
2003-06-12,Kuwait,1,0,1
2003-06-13,Kuwait,1,0,1
2003-06-16,Kuwait,1,0,1
2003-06-17,Kuwait,1,0,1
2003-06-18,Kuwait,1,0,1
2003-06-19,Kuwait,1,0,1
2003-06-20,Kuwait,1,0,1
2003-06-23,Kuwait,1,0,1
2003-06-24,Kuwait,1,0,1
2003-06-25,Kuwait,1,0,1
2003-06-26,Kuwait,1,0,1
2003-06-27,Kuwait,1,0,1
2003-06-30,Kuwait,1,0,1
2003-07-01,Kuwait,1,0,1
2003-07-02,Kuwait,1,0,1
2003-07-03,Kuwait,1,0,1
2003-07-04,Kuwait,1,0,1
2003-07-07,Kuwait,1,0,1
2003-07-08,Kuwait,1,0,1
2003-07-09,Kuwait,1,0,1
2003-07-10,Kuwait,1,0,1
2003-07-11,Kuwait,1,0,1
2003-04-05,Malaysia,1,1,0
2003-04-07,Malaysia,1,1,0
2003-04-08,Malaysia,1,1,0
2003-04-09,Malaysia,1,1,0
2003-04-10,Malaysia,3,1,0
2003-04-11,Malaysia,4,1,0
2003-04-12,Malaysia,4,1,0
2003-04-14,Malaysia,4,1,0
2003-04-15,Malaysia,4,1,0
2003-04-16,Malaysia,5,1,0
2003-04-17,Malaysia,5,1,0
2003-04-18,Malaysia,5,1,0
2003-04-19,Malaysia,5,1,0
2003-04-21,Malaysia,6,1,0
2003-04-22,Malaysia,6,1,0
2003-04-23,Malaysia,5,2,2
2003-04-24,Malaysia,5,2,2
2003-04-25,Malaysia,5,2,2
2003-04-26,Malaysia,5,2,2
2003-04-28,Malaysia,6,2,2
2003-04-29,Malaysia,6,2,3
2003-04-30,Malaysia,6,2,3
2003-05-01,Malaysia,6,2,3
2003-05-02,Malaysia,6,2,3
2003-05-03,Malaysia,6,2,3
2003-05-05,Malaysia,7,2,4
2003-05-06,Malaysia,7,2,4
2003-05-07,Malaysia,7,2,4
2003-05-08,Malaysia,7,2,4
2003-05-09,Malaysia,6,2,4
2003-05-10,Malaysia,7,2,4
2003-05-12,Malaysia,7,2,4
2003-05-13,Malaysia,7,2,4
2003-05-14,Malaysia,7,2,5
2003-05-15,Malaysia,7,2,5
2003-05-16,Malaysia,7,2,5
2003-05-17,Malaysia,7,2,5
2003-05-19,Malaysia,7,2,5
2003-05-20,Malaysia,7,2,5
2003-05-21,Malaysia,8,2,5
2003-05-22,Malaysia,8,2,5
2003-05-23,Malaysia,8,2,5
2003-05-24,Malaysia,8,2,5
2003-05-26,Malaysia,5,2,3
2003-05-27,Malaysia,5,2,3
2003-05-28,Malaysia,5,2,3
2003-05-29,Malaysia,5,2,3
2003-05-30,Malaysia,5,2,3
2003-05-31,Malaysia,5,2,3
2003-06-02,Malaysia,5,2,3
2003-06-03,Malaysia,5,2,3
2003-06-04,Malaysia,5,2,3
2003-06-05,Malaysia,5,2,3
2003-06-06,Malaysia,5,2,3
2003-06-09,Malaysia,5,2,3
2003-06-10,Malaysia,5,2,3
2003-06-11,Malaysia,5,2,3
2003-06-12,Malaysia,5,2,3
2003-06-13,Malaysia,5,2,3
2003-06-16,Malaysia,5,2,3
2003-06-17,Malaysia,5,2,3
2003-06-18,Malaysia,5,2,3
2003-06-19,Malaysia,5,2,3
2003-06-20,Malaysia,5,2,3
2003-06-23,Malaysia,5,2,3
2003-06-24,Malaysia,5,2,3
2003-06-25,Malaysia,5,2,3
2003-06-26,Malaysia,5,2,3
2003-06-27,Malaysia,5,2,3
2003-06-30,Malaysia,5,2,3
2003-07-01,Malaysia,5,2,3
2003-07-02,Malaysia,5,2,3
2003-07-03,Malaysia,5,2,3
2003-07-04,Malaysia,5,2,3
2003-07-07,Malaysia,5,2,3
2003-07-08,Malaysia,5,2,3
2003-07-09,Malaysia,5,2,3
2003-07-10,Malaysia,5,2,3
2003-07-11,Malaysia,5,2,3
2003-04-17,Mongolia,3,0,3
2003-04-18,Mongolia,3,0,3
2003-04-19,Mongolia,3,0,3
2003-04-21,Mongolia,3,0,3
2003-04-22,Mongolia,3,0,3
2003-04-23,Mongolia,3,0,3
2003-04-24,Mongolia,3,0,3
2003-04-25,Mongolia,3,0,3
2003-04-26,Mongolia,5,0,3
2003-04-28,Mongolia,5,0,3
2003-04-29,Mongolia,5,0,3
2003-04-30,Mongolia,6,0,3
2003-05-01,Mongolia,6,0,3
2003-05-02,Mongolia,8,0,4
2003-05-03,Mongolia,8,0,4
2003-05-05,Mongolia,8,0,4
2003-05-06,Mongolia,8,0,4
2003-05-07,Mongolia,9,0,6
2003-05-08,Mongolia,9,0,6
2003-05-09,Mongolia,9,0,6
2003-05-10,Mongolia,9,0,6
2003-05-12,Mongolia,9,0,6
2003-05-13,Mongolia,9,0,6
2003-05-14,Mongolia,9,0,6
2003-05-15,Mongolia,9,0,7
2003-05-16,Mongolia,9,0,7
2003-05-17,Mongolia,9,0,7
2003-05-19,Mongolia,9,0,8
2003-05-20,Mongolia,9,0,8
2003-05-21,Mongolia,9,0,8
2003-05-22,Mongolia,9,0,8
2003-05-23,Mongolia,9,0,8
2003-05-24,Mongolia,9,0,8
2003-05-26,Mongolia,9,0,8
2003-05-27,Mongolia,9,0,9
2003-05-28,Mongolia,9,0,9
2003-05-29,Mongolia,9,0,9
2003-05-30,Mongolia,9,0,9
2003-05-31,Mongolia,9,0,9
2003-06-02,Mongolia,9,0,9
2003-06-03,Mongolia,9,0,9
2003-06-04,Mongolia,9,0,9
2003-06-05,Mongolia,9,0,9
2003-06-06,Mongolia,9,0,9
2003-06-09,Mongolia,9,0,9
2003-06-10,Mongolia,9,0,9
2003-06-11,Mongolia,9,0,9
2003-06-12,Mongolia,9,0,9
2003-06-13,Mongolia,9,0,9
2003-06-16,Mongolia,9,0,9
2003-06-17,Mongolia,9,0,9
2003-06-18,Mongolia,9,0,9
2003-06-19,Mongolia,9,0,9
2003-06-20,Mongolia,9,0,9
2003-06-23,Mongolia,9,0,9
2003-06-24,Mongolia,9,0,9
2003-06-25,Mongolia,9,0,9
2003-06-26,Mongolia,9,0,9
2003-06-27,Mongolia,9,0,9
2003-06-30,Mongolia,9,0,9
2003-07-01,Mongolia,9,0,9
2003-07-02,Mongolia,9,0,9
2003-07-03,Mongolia,9,0,9
2003-07-04,Mongolia,9,0,9
2003-07-07,Mongolia,9,0,9
2003-07-08,Mongolia,9,0,9
2003-07-09,Mongolia,9,0,9
2003-07-10,Mongolia,9,0,9
2003-07-11,Mongolia,9,0,9
2003-05-02,New Zealand,1,0,1
2003-05-03,New Zealand,1,0,1
2003-05-05,New Zealand,1,0,1
2003-05-06,New Zealand,1,0,1
2003-05-07,New Zealand,1,0,1
2003-05-08,New Zealand,1,0,1
2003-05-09,New Zealand,1,0,1
2003-05-10,New Zealand,1,0,1
2003-05-12,New Zealand,1,0,1
2003-05-13,New Zealand,1,0,1
2003-05-14,New Zealand,1,0,1
2003-05-15,New Zealand,1,0,1
2003-05-16,New Zealand,1,0,1
2003-05-17,New Zealand,1,0,1
2003-05-19,New Zealand,1,0,1
2003-05-20,New Zealand,1,0,1
2003-05-21,New Zealand,1,0,1
2003-05-22,New Zealand,1,0,1
2003-05-23,New Zealand,1,0,1
2003-05-24,New Zealand,1,0,1
2003-05-26,New Zealand,1,0,1
2003-05-27,New Zealand,1,0,1
2003-05-28,New Zealand,1,0,1
2003-05-29,New Zealand,1,0,1
2003-05-30,New Zealand,1,0,1
2003-05-31,New Zealand,1,0,1
2003-06-02,New Zealand,1,0,1
2003-06-03,New Zealand,1,0,1
2003-06-04,New Zealand,1,0,1
2003-06-05,New Zealand,1,0,1
2003-06-06,New Zealand,1,0,1
2003-06-09,New Zealand,1,0,1
2003-06-10,New Zealand,1,0,1
2003-06-11,New Zealand,1,0,1
2003-06-12,New Zealand,1,0,1
2003-06-13,New Zealand,1,0,1
2003-06-16,New Zealand,1,0,1
2003-06-17,New Zealand,1,0,1
2003-06-18,New Zealand,1,0,1
2003-06-19,New Zealand,1,0,1
2003-06-20,New Zealand,1,0,1
2003-06-23,New Zealand,1,0,1
2003-06-24,New Zealand,1,0,1
2003-06-25,New Zealand,1,0,1
2003-06-26,New Zealand,1,0,1
2003-06-27,New Zealand,1,0,1
2003-06-30,New Zealand,1,0,1
2003-07-01,New Zealand,1,0,1
2003-07-02,New Zealand,1,0,1
2003-07-03,New Zealand,1,0,1
2003-07-04,New Zealand,1,0,1
2003-07-07,New Zealand,1,0,1
2003-07-08,New Zealand,1,0,1
2003-07-09,New Zealand,1,0,1
2003-07-10,New Zealand,1,0,1
2003-07-11,New Zealand,1,0,1
2003-04-14,Philippines,1,0,1
2003-04-15,Philippines,1,0,1
2003-04-16,Philippines,1,0,1
2003-04-17,Philippines,1,0,1
2003-04-18,Philippines,1,0,1
2003-04-19,Philippines,1,0,1
2003-04-21,Philippines,2,1,1
2003-04-22,Philippines,2,1,1
2003-04-23,Philippines,2,1,1
2003-04-24,Philippines,2,1,1
2003-04-25,Philippines,2,1,1
2003-04-26,Philippines,4,2,1
2003-04-28,Philippines,4,2,1
2003-04-29,Philippines,4,2,1
2003-04-30,Philippines,4,2,1
2003-05-01,Philippines,4,2,1
2003-05-02,Philippines,3,2,1
2003-05-03,Philippines,3,2,1
2003-05-05,Philippines,3,2,1
2003-05-06,Philippines,3,2,1
2003-05-07,Philippines,10,2,2
2003-05-08,Philippines,10,2,2
2003-05-09,Philippines,10,2,2
2003-05-10,Philippines,10,2,2
2003-05-12,Philippines,10,2,3
2003-05-13,Philippines,10,2,3
2003-05-14,Philippines,10,2,3
2003-05-15,Philippines,12,2,4
2003-05-16,Philippines,12,2,4
2003-05-17,Philippines,12,2,4
2003-05-19,Philippines,12,2,8
2003-05-20,Philippines,12,2,8
2003-05-21,Philippines,12,2,10
2003-05-22,Philippines,12,2,10
2003-05-23,Philippines,12,2,10
2003-05-24,Philippines,12,2,10
2003-05-26,Philippines,12,2,10
2003-05-27,Philippines,12,2,10
2003-05-28,Philippines,12,2,10
2003-05-29,Philippines,12,2,10
2003-05-30,Philippines,12,2,10
2003-05-31,Philippines,12,2,10
2003-06-02,Philippines,12,2,10
2003-06-03,Philippines,12,2,10
2003-06-04,Philippines,12,2,10
2003-06-05,Philippines,12,2,10
2003-06-06,Philippines,12,2,10
2003-06-09,Philippines,12,2,10
2003-06-10,Philippines,12,2,10
2003-06-11,Philippines,12,2,10
2003-06-12,Philippines,14,2,12
2003-06-13,Philippines,14,2,12
2003-06-16,Philippines,14,2,12
2003-06-17,Philippines,14,2,12
2003-06-18,Philippines,14,2,12
2003-06-19,Philippines,14,2,12
2003-06-20,Philippines,14,2,12
2003-06-23,Philippines,14,2,12
2003-06-24,Philippines,14,2,12
2003-06-25,Philippines,14,2,12
2003-06-26,Philippines,14,2,12
2003-06-27,Philippines,14,2,12
2003-06-30,Philippines,14,2,12
2003-07-01,Philippines,14,2,12
2003-07-02,Philippines,14,2,12
2003-07-03,Philippines,14,2,12
2003-07-04,Philippines,14,2,12
2003-07-07,Philippines,14,2,12
2003-07-08,Philippines,14,2,12
2003-07-09,Philippines,14,2,12
2003-07-10,Philippines,14,2,12
2003-07-11,Philippines,14,2,12
2003-05-01,Poland,1,0,0
2003-05-02,Poland,1,0,0
2003-05-03,Poland,1,0,0
2003-05-05,Poland,1,0,0
2003-05-06,Poland,1,0,0
2003-05-07,Poland,1,0,0
2003-05-08,Poland,1,0,0
2003-05-09,Poland,1,0,0
2003-05-10,Poland,1,0,0
2003-05-12,Poland,1,0,0
2003-03-21,Ireland,1,0,0
2003-03-22,Ireland,1,0,0
2003-03-24,Ireland,1,0,0
2003-03-25,Ireland,1,0,0
2003-03-26,Ireland,2,0,0
2003-03-27,Ireland,2,0,0
2003-03-28,Ireland,2,0,0
2003-03-29,Ireland,2,0,0
2003-03-31,Ireland,2,0,0
2003-04-01,Ireland,2,0,0
2003-04-02,Ireland,2,0,0
2003-04-03,Ireland,1,0,0
2003-04-04,Ireland,1,0,0
2003-04-05,Ireland,1,0,0
2003-04-07,Ireland,1,0,0
2003-04-08,Ireland,1,0,0
2003-04-09,Ireland,1,0,0
2003-04-10,Ireland,1,0,1
2003-04-11,Ireland,1,0,1
2003-04-12,Ireland,1,0,1
2003-04-14,Ireland,1,0,1
2003-04-15,Ireland,1,0,1
2003-04-16,Ireland,1,0,1
2003-04-17,Ireland,1,0,1
2003-04-18,Ireland,1,0,1
2003-04-19,Ireland,1,0,1
2003-04-21,Ireland,1,0,1
2003-04-22,Ireland,1,0,1
2003-04-23,Ireland,1,0,1
2003-04-24,Ireland,1,0,1
2003-04-25,Ireland,1,0,1
2003-04-26,Ireland,1,0,1
2003-04-28,Ireland,1,0,1
2003-04-29,Ireland,1,0,1
2003-04-30,Ireland,1,0,1
2003-05-01,Ireland,1,0,1
2003-05-02,Ireland,1,0,1
2003-05-03,Ireland,1,0,1
2003-05-05,Ireland,1,0,1
2003-05-06,Ireland,1,0,1
2003-05-07,Ireland,1,0,1
2003-05-08,Ireland,1,0,1
2003-05-09,Ireland,1,0,1
2003-05-10,Ireland,1,0,1
2003-05-12,Ireland,1,0,1
2003-05-13,Ireland,1,0,1
2003-05-14,Ireland,1,0,1
2003-05-15,Ireland,1,0,1
2003-05-16,Ireland,1,0,1
2003-05-17,Ireland,1,0,1
2003-05-19,Ireland,1,0,1
2003-05-20,Ireland,1,0,1
2003-05-21,Ireland,1,0,1
2003-05-22,Ireland,1,0,1
2003-05-23,Ireland,1,0,1
2003-05-24,Ireland,1,0,1
2003-05-26,Ireland,1,0,1
2003-05-27,Ireland,1,0,1
2003-05-28,Ireland,1,0,1
2003-05-29,Ireland,1,0,1
2003-05-30,Ireland,1,0,1
2003-05-31,Ireland,1,0,1
2003-06-02,Ireland,1,0,1
2003-06-03,Ireland,1,0,1
2003-06-04,Ireland,1,0,1
2003-06-05,Ireland,1,0,1
2003-06-06,Ireland,1,0,1
2003-06-09,Ireland,1,0,1
2003-06-10,Ireland,1,0,1
2003-06-11,Ireland,1,0,1
2003-06-12,Ireland,1,0,1
2003-06-13,Ireland,1,0,1
2003-06-16,Ireland,1,0,1
2003-06-17,Ireland,1,0,1
2003-06-18,Ireland,1,0,1
2003-06-19,Ireland,1,0,1
2003-06-20,Ireland,1,0,1
2003-06-23,Ireland,1,0,1
2003-06-24,Ireland,1,0,1
2003-06-25,Ireland,1,0,1
2003-06-26,Ireland,1,0,1
2003-06-27,Ireland,1,0,1
2003-06-30,Ireland,1,0,1
2003-07-01,Ireland,1,0,1
2003-07-02,Ireland,1,0,1
2003-07-03,Ireland,1,0,1
2003-07-04,Ireland,1,0,1
2003-07-07,Ireland,1,0,1
2003-07-08,Ireland,1,0,1
2003-07-09,Ireland,1,0,1
2003-07-10,Ireland,1,0,1
2003-07-11,Ireland,1,0,1
2003-04-29,Republic of Korea,1,0,0
2003-04-30,Republic of Korea,1,0,0
2003-05-01,Republic of Korea,1,0,0
2003-05-02,Republic of Korea,1,0,0
2003-05-03,Republic of Korea,1,0,0
2003-05-05,Republic of Korea,1,0,0
2003-05-06,Republic of Korea,1,0,0
2003-05-07,Republic of Korea,1,0,0
2003-05-08,Republic of Korea,1,0,1
2003-05-09,Republic of Korea,1,0,1
2003-05-10,Republic of Korea,1,0,1
2003-05-12,Republic of Korea,2,0,1
2003-05-13,Republic of Korea,2,0,1
2003-05-14,Republic of Korea,3,0,1
2003-05-15,Republic of Korea,3,0,1
2003-05-16,Republic of Korea,3,0,1
2003-05-17,Republic of Korea,3,0,1
2003-05-19,Republic of Korea,3,0,1
2003-05-20,Republic of Korea,3,0,2
2003-05-21,Republic of Korea,3,0,2
2003-05-22,Republic of Korea,3,0,2
2003-05-23,Republic of Korea,3,0,2
2003-05-24,Republic of Korea,3,0,2
2003-05-26,Republic of Korea,3,0,2
2003-05-27,Republic of Korea,3,0,2
2003-05-28,Republic of Korea,3,0,2
2003-05-29,Republic of Korea,3,0,2
2003-05-30,Republic of Korea,3,0,3
2003-05-31,Republic of Korea,3,0,3
2003-06-02,Republic of Korea,3,0,3
2003-06-03,Republic of Korea,3,0,3
2003-06-04,Republic of Korea,3,0,3
2003-06-05,Republic of Korea,3,0,3
2003-06-06,Republic of Korea,3,0,3
2003-06-09,Republic of Korea,3,0,3
2003-06-10,Republic of Korea,3,0,3
2003-06-11,Republic of Korea,3,0,3
2003-06-12,Republic of Korea,3,0,3
2003-06-13,Republic of Korea,3,0,3
2003-06-16,Republic of Korea,3,0,3
2003-06-17,Republic of Korea,3,0,3
2003-06-18,Republic of Korea,3,0,3
2003-06-19,Republic of Korea,3,0,3
2003-06-20,Republic of Korea,3,0,3
2003-06-23,Republic of Korea,3,0,3
2003-06-24,Republic of Korea,3,0,3
2003-06-25,Republic of Korea,3,0,3
2003-06-26,Republic of Korea,3,0,3
2003-06-27,Republic of Korea,3,0,3
2003-06-30,Republic of Korea,3,0,3
2003-07-01,Republic of Korea,3,0,3
2003-07-02,Republic of Korea,3,0,3
2003-07-03,Republic of Korea,3,0,3
2003-07-04,Republic of Korea,3,0,3
2003-07-07,Republic of Korea,3,0,3
2003-07-08,Republic of Korea,3,0,3
2003-07-09,Republic of Korea,3,0,3
2003-07-10,Republic of Korea,3,0,3
2003-07-11,Republic of Korea,3,0,3
2003-03-27,Romania,3,0,0
2003-03-28,Romania,3,0,0
2003-03-29,Romania,3,0,0
2003-03-31,Romania,3,0,0
2003-04-01,Romania,3,0,0
2003-04-02,Romania,3,0,0
2003-04-03,Romania,1,0,0
2003-04-04,Romania,1,0,0
2003-04-05,Romania,1,0,0
2003-04-07,Romania,1,0,0
2003-04-08,Romania,1,0,0
2003-04-09,Romania,1,0,0
2003-04-10,Romania,1,0,0
2003-04-11,Romania,1,0,0
2003-04-12,Romania,1,0,0
2003-04-14,Romania,1,0,0
2003-04-15,Romania,1,0,1
2003-04-16,Romania,1,0,1
2003-04-17,Romania,1,0,1
2003-04-18,Romania,1,0,1
2003-04-19,Romania,1,0,1
2003-04-21,Romania,1,0,1
2003-04-22,Romania,1,0,1
2003-04-23,Romania,1,0,1
2003-04-24,Romania,1,0,1
2003-04-25,Romania,1,0,1
2003-04-26,Romania,1,0,1
2003-04-28,Romania,1,0,1
2003-04-29,Romania,1,0,1
2003-04-30,Romania,1,0,1
2003-05-01,Romania,1,0,1
2003-05-02,Romania,1,0,1
2003-05-03,Romania,1,0,1
2003-05-05,Romania,1,0,1
2003-05-06,Romania,1,0,1
2003-05-07,Romania,1,0,1
2003-05-08,Romania,1,0,1
2003-05-09,Romania,1,0,1
2003-05-10,Romania,1,0,1
2003-05-12,Romania,1,0,1
2003-05-13,Romania,1,0,1
2003-05-14,Romania,1,0,1
2003-05-15,Romania,1,0,1
2003-05-16,Romania,1,0,1
2003-05-17,Romania,1,0,1
2003-05-19,Romania,1,0,1
2003-05-20,Romania,1,0,1
2003-05-21,Romania,1,0,1
2003-05-22,Romania,1,0,1
2003-05-23,Romania,1,0,1
2003-05-24,Romania,1,0,1
2003-05-26,Romania,1,0,1
2003-05-27,Romania,1,0,1
2003-05-28,Romania,1,0,1
2003-05-29,Romania,1,0,1
2003-05-30,Romania,1,0,1
2003-05-31,Romania,1,0,1
2003-06-02,Romania,1,0,1
2003-06-03,Romania,1,0,1
2003-06-04,Romania,1,0,1
2003-06-05,Romania,1,0,1
2003-06-06,Romania,1,0,1
2003-06-09,Romania,1,0,1
2003-06-10,Romania,1,0,1
2003-06-11,Romania,1,0,1
2003-06-12,Romania,1,0,1
2003-06-13,Romania,1,0,1
2003-06-16,Romania,1,0,1
2003-06-17,Romania,1,0,1
2003-06-18,Romania,1,0,1
2003-06-19,Romania,1,0,1
2003-06-20,Romania,1,0,1
2003-06-23,Romania,1,0,1
2003-06-24,Romania,1,0,1
2003-06-25,Romania,1,0,1
2003-06-26,Romania,1,0,1
2003-06-27,Romania,1,0,1
2003-06-30,Romania,1,0,1
2003-07-01,Romania,1,0,1
2003-07-02,Romania,1,0,1
2003-07-03,Romania,1,0,1
2003-07-04,Romania,1,0,1
2003-07-07,Romania,1,0,1
2003-07-08,Romania,1,0,1
2003-07-09,Romania,1,0,1
2003-07-10,Romania,1,0,1
2003-07-11,Romania,1,0,1
2003-05-31,Russia,1,0,0
2003-06-02,Russia,1,0,0
2003-06-03,Russia,1,0,0
2003-06-04,Russia,1,0,0
2003-06-05,Russia,1,0,0
2003-06-06,Russia,1,0,0
2003-06-09,Russia,1,0,0
2003-06-10,Russia,1,0,0
2003-06-11,Russia,1,0,0
2003-06-12,Russia,1,0,0
2003-06-13,Russia,1,0,0
2003-06-16,Russia,1,0,0
2003-06-17,Russia,1,0,0
2003-06-18,Russia,1,0,0
2003-06-19,Russia,1,0,0
2003-06-20,Russia,1,0,0
2003-06-23,Russia,1,0,0
2003-06-24,Russia,1,0,0
2003-06-25,Russia,1,0,0
2003-06-26,Russia,1,0,0
2003-06-27,Russia,1,0,0
2003-06-30,Russia,1,0,0
2003-07-01,Russia,1,0,0
2003-07-02,Russia,1,0,0
2003-07-03,Russia,1,0,0
2003-07-04,Russia,1,0,0
2003-07-07,Russia,1,0,0
2003-07-08,Russia,1,0,0
2003-07-09,Russia,1,0,0
2003-07-10,Russia,1,0,0
2003-07-11,Russia,1,0,0
2003-03-17,Singapore,20,0,0
2003-03-18,Singapore,23,0,0
2003-03-19,Singapore,31,0,0
2003-03-20,Singapore,34,0,0
2003-03-21,Singapore,39,0,0
2003-03-22,Singapore,44,0,0
2003-03-24,Singapore,65,0,0
2003-03-25,Singapore,69,0,0
2003-03-26,Singapore,74,1,0
2003-03-27,Singapore,78,2,0
2003-03-28,Singapore,86,2,0
2003-03-29,Singapore,89,2,0
2003-03-31,Singapore,91,2,0
2003-04-01,Singapore,92,3,0
2003-04-02,Singapore,95,4,0
2003-04-03,Singapore,98,4,0
2003-04-04,Singapore,100,5,0
2003-04-05,Singapore,101,6,0
2003-04-07,Singapore,106,6,0
2003-04-08,Singapore,113,8,0
2003-04-09,Singapore,118,9,0
2003-04-10,Singapore,126,9,75
2003-04-11,Singapore,133,9,77
2003-04-12,Singapore,147,9,77
2003-04-14,Singapore,158,12,84
2003-04-15,Singapore,162,13,85
2003-04-16,Singapore,162,13,85
2003-04-17,Singapore,167,15,91
2003-04-18,Singapore,177,16,100
2003-04-19,Singapore,177,16,100
2003-04-21,Singapore,178,16,104
2003-04-22,Singapore,186,16,110
2003-04-23,Singapore,189,17,114
2003-04-24,Singapore,192,19,118
2003-04-25,Singapore,195,19,126
2003-04-26,Singapore,198,21,126
2003-04-28,Singapore,199,23,137
2003-04-29,Singapore,201,24,139
2003-04-30,Singapore,201,24,139
2003-05-01,Singapore,201,25,143
2003-05-02,Singapore,203,25,146
2003-05-03,Singapore,203,25,147
2003-05-05,Singapore,204,26,149
2003-05-06,Singapore,204,27,149
2003-05-07,Singapore,204,27,150
2003-05-08,Singapore,204,27,153
2003-05-09,Singapore,204,27,153
2003-05-10,Singapore,205,27,155
2003-05-12,Singapore,205,28,156
2003-05-13,Singapore,205,28,157
2003-05-14,Singapore,205,28,157
2003-05-15,Singapore,205,28,157
2003-05-16,Singapore,205,28,157
2003-05-17,Singapore,205,28,157
2003-05-19,Singapore,206,28,160
2003-05-20,Singapore,206,28,161
2003-05-21,Singapore,206,28,161
2003-05-22,Singapore,206,29,162
2003-05-23,Singapore,206,31,163
2003-05-24,Singapore,206,31,163
2003-05-26,Singapore,206,31,163
2003-05-27,Singapore,206,31,163
2003-05-28,Singapore,206,31,165
2003-05-29,Singapore,206,31,165
2003-05-30,Singapore,206,31,165
2003-05-31,Singapore,206,31,165
2003-06-02,Singapore,206,31,165
2003-06-03,Singapore,206,31,165
2003-06-04,Singapore,206,31,165
2003-06-05,Singapore,206,31,165
2003-06-06,Singapore,206,31,165
2003-06-09,Singapore,206,31,168
2003-06-10,Singapore,206,31,168
2003-06-11,Singapore,206,31,168
2003-06-12,Singapore,206,31,169
2003-06-13,Singapore,206,31,169
2003-06-16,Singapore,206,31,169
2003-06-17,Singapore,206,31,169
2003-06-18,Singapore,206,31,169
2003-06-19,Singapore,206,31,170
2003-06-20,Singapore,206,31,170
2003-06-23,Singapore,206,31,170
2003-06-24,Singapore,206,31,170
2003-06-25,Singapore,206,31,170
2003-06-26,Singapore,206,32,170
2003-06-27,Singapore,206,32,171
2003-06-30,Singapore,206,32,171
2003-07-01,Singapore,206,32,171
2003-07-02,Singapore,206,32,171
2003-07-03,Singapore,206,32,171
2003-07-04,Singapore,206,32,171
2003-07-07,Singapore,206,32,171
2003-07-08,Singapore,206,32,171
2003-07-09,Singapore,206,32,171
2003-07-10,Singapore,206,32,172
2003-07-11,Singapore,206,32,172
2003-03-18,Slovenia,1,0,0
2003-03-19,Slovenia,1,0,0
2003-03-20,Slovenia,1,0,0
2003-03-21,Slovenia,1,0,0
2003-03-22,Slovenia,1,0,0
2003-04-11,Republic of South Africa,1,0,0
2003-04-12,Republic of South Africa,1,0,0
2003-04-14,Republic of South Africa,1,0,0
2003-04-15,Republic of South Africa,1,0,0
2003-04-16,Republic of South Africa,1,0,0
2003-04-17,Republic of South Africa,1,0,0
2003-04-18,Republic of South Africa,1,0,0
2003-04-19,Republic of South Africa,1,0,0
2003-04-21,Republic of South Africa,1,0,0
2003-04-22,Republic of South Africa,1,0,0
2003-04-23,Republic of South Africa,1,0,0
2003-04-24,Republic of South Africa,1,0,0
2003-04-25,Republic of South Africa,1,0,0
2003-04-26,Republic of South Africa,1,0,0
2003-04-28,Republic of South Africa,1,0,0
2003-04-29,Republic of South Africa,1,0,0
2003-04-30,Republic of South Africa,1,0,0
2003-05-01,Republic of South Africa,1,0,0
2003-05-02,Republic of South Africa,1,0,0
2003-05-03,Republic of South Africa,1,0,1
2003-05-05,Republic of South Africa,1,1,0
2003-05-06,Republic of South Africa,1,1,0
2003-05-07,Republic of South Africa,1,1,0
2003-05-08,Republic of South Africa,1,1,0
2003-05-09,Republic of South Africa,1,1,0
2003-05-10,Republic of South Africa,1,1,0
2003-05-12,Republic of South Africa,1,1,0
2003-05-13,Republic of South Africa,1,1,0
2003-05-14,Republic of South Africa,1,1,0
2003-05-15,Republic of South Africa,1,1,0
2003-05-16,Republic of South Africa,1,1,0
2003-05-17,Republic of South Africa,1,1,0
2003-05-19,Republic of South Africa,1,1,0
2003-05-20,Republic of South Africa,1,1,0
2003-05-21,Republic of South Africa,1,1,0
2003-05-22,Republic of South Africa,1,1,0
2003-05-23,Republic of South Africa,1,1,0
2003-05-24,Republic of South Africa,1,1,0
2003-05-26,Republic of South Africa,1,1,0
2003-05-27,Republic of South Africa,1,1,0
2003-05-28,Republic of South Africa,1,1,0
2003-05-29,Republic of South Africa,1,1,0
2003-05-30,Republic of South Africa,1,1,0
2003-05-31,Republic of South Africa,1,1,0
2003-06-02,Republic of South Africa,1,1,0
2003-06-03,Republic of South Africa,1,1,0
2003-06-04,Republic of South Africa,1,1,0
2003-06-05,Republic of South Africa,1,1,0
2003-06-06,Republic of South Africa,1,1,0
2003-06-09,Republic of South Africa,1,1,0
2003-06-10,Republic of South Africa,1,1,0
2003-06-11,Republic of South Africa,1,1,0
2003-06-12,Republic of South Africa,1,1,0
2003-06-13,Republic of South Africa,1,1,0
2003-06-16,Republic of South Africa,1,1,0
2003-06-17,Republic of South Africa,1,1,0
2003-06-18,Republic of South Africa,1,1,0
2003-06-19,Republic of South Africa,1,1,0
2003-06-20,Republic of South Africa,1,1,0
2003-06-23,Republic of South Africa,1,1,0
2003-06-24,Republic of South Africa,1,1,0
2003-06-25,Republic of South Africa,1,1,0
2003-06-26,Republic of South Africa,1,1,0
2003-06-27,Republic of South Africa,1,1,0
2003-06-30,Republic of South Africa,1,1,0
2003-07-01,Republic of South Africa,1,1,0
2003-07-02,Republic of South Africa,1,1,0
2003-07-03,Republic of South Africa,1,1,0
2003-07-04,Republic of South Africa,1,1,0
2003-07-07,Republic of South Africa,1,1,0
2003-07-08,Republic of South Africa,1,1,0
2003-07-09,Republic of South Africa,1,1,0
2003-07-10,Republic of South Africa,1,1,0
2003-07-11,Republic of South Africa,1,1,0
2003-03-19,Spain,1,0,0
2003-03-20,Spain,1,0,0
2003-03-21,Spain,1,0,0
2003-03-22,Spain,1,0,0
2003-03-24,Spain,1,0,0
2003-04-02,Spain,1,0,0
2003-04-04,Spain,1,0,0
2003-04-05,Spain,1,0,0
2003-04-07,Spain,1,0,0
2003-04-08,Spain,1,0,0
2003-04-09,Spain,1,0,0
2003-04-10,Spain,1,0,0
2003-04-11,Spain,1,0,0
2003-04-12,Spain,1,0,0
2003-04-14,Spain,1,0,0
2003-04-15,Spain,1,0,0
2003-04-16,Spain,1,0,0
2003-04-17,Spain,1,0,0
2003-04-18,Spain,1,0,0
2003-04-19,Spain,1,0,0
2003-04-21,Spain,1,0,0
2003-04-22,Spain,1,0,0
2003-04-23,Spain,1,0,0
2003-04-24,Spain,1,0,1
2003-04-25,Spain,1,0,1
2003-04-26,Spain,1,0,1
2003-04-28,Spain,1,0,1
2003-04-29,Spain,1,0,1
2003-04-30,Spain,1,0,1
2003-05-01,Spain,1,0,1
2003-05-02,Spain,1,0,1
2003-05-03,Spain,1,0,1
2003-05-05,Spain,1,0,1
2003-05-06,Spain,1,0,1
2003-05-07,Spain,1,0,1
2003-05-08,Spain,1,0,1
2003-05-09,Spain,1,0,1
2003-05-10,Spain,1,0,1
2003-05-12,Spain,1,0,1
2003-05-13,Spain,1,0,1
2003-05-14,Spain,1,0,1
2003-05-15,Spain,1,0,1
2003-05-16,Spain,1,0,1
2003-05-17,Spain,1,0,1
2003-05-19,Spain,1,0,1
2003-05-20,Spain,1,0,1
2003-05-21,Spain,1,0,1
2003-05-22,Spain,1,0,1
2003-05-23,Spain,1,0,1
2003-05-24,Spain,1,0,1
2003-05-26,Spain,1,0,1
2003-05-27,Spain,1,0,1
2003-05-28,Spain,1,0,1
2003-05-29,Spain,1,0,1
2003-05-30,Spain,1,0,1
2003-05-31,Spain,1,0,1
2003-06-02,Spain,1,0,1
2003-06-03,Spain,1,0,1
2003-06-04,Spain,1,0,1
2003-06-05,Spain,1,0,1
2003-06-06,Spain,1,0,1
2003-06-09,Spain,1,0,1
2003-06-10,Spain,1,0,1
2003-06-11,Spain,1,0,1
2003-06-12,Spain,1,0,1
2003-06-13,Spain,1,0,1
2003-06-16,Spain,1,0,1
2003-06-17,Spain,1,0,1
2003-06-18,Spain,1,0,1
2003-06-19,Spain,1,0,1
2003-06-20,Spain,1,0,1
2003-06-23,Spain,1,0,1
2003-06-24,Spain,1,0,1
2003-06-25,Spain,1,0,1
2003-06-26,Spain,1,0,1
2003-06-27,Spain,1,0,1
2003-06-30,Spain,1,0,1
2003-07-01,Spain,1,0,1
2003-07-02,Spain,1,0,1
2003-07-03,Spain,1,0,1
2003-07-04,Spain,1,0,1
2003-07-07,Spain,1,0,1
2003-07-08,Spain,1,0,1
2003-07-09,Spain,1,0,1
2003-07-10,Spain,1,0,1
2003-07-11,Spain,1,0,1
2003-04-14,Sweden,1,0,0
2003-04-15,Sweden,1,0,0
2003-04-16,Sweden,1,0,0
2003-04-17,Sweden,1,0,0
2003-04-18,Sweden,3,0,0
2003-04-19,Sweden,3,0,0
2003-04-21,Sweden,3,0,0
2003-04-22,Sweden,3,0,0
2003-04-23,Sweden,3,0,0
2003-04-24,Sweden,3,0,2
2003-04-25,Sweden,3,0,2
2003-04-26,Sweden,3,0,2
2003-04-28,Sweden,3,0,2
2003-04-29,Sweden,3,0,2
2003-04-30,Sweden,3,0,2
2003-05-01,Sweden,3,0,2
2003-05-02,Sweden,3,0,2
2003-05-03,Sweden,3,0,2
2003-05-05,Sweden,3,0,2
2003-05-06,Sweden,3,0,2
2003-05-07,Sweden,3,0,2
2003-05-08,Sweden,3,0,2
2003-05-09,Sweden,3,0,2
2003-05-10,Sweden,3,0,2
2003-05-12,Sweden,3,0,2
2003-05-13,Sweden,3,0,3
2003-05-14,Sweden,3,0,3
2003-05-15,Sweden,3,0,3
2003-05-16,Sweden,3,0,3
2003-05-17,Sweden,3,0,3
2003-05-19,Sweden,3,0,3
2003-05-20,Sweden,3,0,3
2003-05-21,Sweden,3,0,3
2003-05-22,Sweden,3,0,3
2003-05-23,Sweden,3,0,3
2003-05-24,Sweden,3,0,3
2003-05-26,Sweden,3,0,3
2003-05-27,Sweden,3,0,3
2003-05-28,Sweden,3,0,3
2003-05-29,Sweden,3,0,3
2003-05-30,Sweden,3,0,3
2003-05-31,Sweden,3,0,3
2003-06-02,Sweden,3,0,3
2003-06-03,Sweden,3,0,3
2003-06-04,Sweden,3,0,3
2003-06-05,Sweden,3,0,3
2003-06-06,Sweden,3,0,3
2003-06-09,Sweden,3,0,3
2003-06-10,Sweden,3,0,3
2003-06-11,Sweden,3,0,3
2003-06-12,Sweden,3,0,3
2003-06-13,Sweden,3,0,3
2003-06-16,Sweden,3,0,3
2003-06-17,Sweden,3,0,3
2003-06-18,Sweden,3,0,3
2003-06-19,Sweden,3,0,3
2003-06-20,Sweden,3,0,3
2003-06-23,Sweden,3,0,3
2003-06-24,Sweden,3,0,3
2003-06-25,Sweden,3,0,3
2003-06-26,Sweden,3,0,3
2003-06-27,Sweden,3,0,3
2003-06-30,Sweden,3,0,3
2003-07-01,Sweden,3,0,3
2003-07-02,Sweden,3,0,3
2003-07-03,Sweden,3,0,3
2003-07-04,Sweden,3,0,3
2003-07-07,Sweden,3,0,3
2003-07-08,Sweden,3,0,3
2003-07-09,Sweden,3,0,3
2003-07-10,Sweden,3,0,3
2003-07-11,Sweden,3,0,3
2003-03-17,Switzerland,2,0,0
2003-03-20,Switzerland,7,0,0
2003-03-21,Switzerland,7,0,0
2003-03-22,Switzerland,7,0,0
2003-03-24,Switzerland,2,0,0
2003-03-25,Switzerland,2,0,0
2003-03-26,Switzerland,2,0,0
2003-03-27,Switzerland,2,0,0
2003-03-28,Switzerland,2,0,0
2003-03-29,Switzerland,3,0,0
2003-03-31,Switzerland,3,0,0
2003-04-01,Switzerland,3,0,0
2003-04-02,Switzerland,2,0,0
2003-04-03,Switzerland,2,0,0
2003-04-04,Switzerland,2,0,0
2003-04-05,Switzerland,1,0,0
2003-04-07,Switzerland,1,0,0
2003-04-08,Switzerland,1,0,0
2003-04-09,Switzerland,1,0,0
2003-04-10,Switzerland,1,0,1
2003-04-11,Switzerland,1,0,1
2003-04-12,Switzerland,1,0,1
2003-04-14,Switzerland,1,0,1
2003-04-15,Switzerland,1,0,1
2003-04-16,Switzerland,1,0,1
2003-04-17,Switzerland,1,0,1
2003-04-18,Switzerland,1,0,1
2003-04-19,Switzerland,1,0,1
2003-04-21,Switzerland,1,0,1
2003-04-22,Switzerland,1,0,1
2003-04-23,Switzerland,1,0,1
2003-04-24,Switzerland,1,0,1
2003-04-25,Switzerland,1,0,1
2003-04-26,Switzerland,1,0,1
2003-04-28,Switzerland,1,0,1
2003-04-29,Switzerland,1,0,1
2003-04-30,Switzerland,1,0,1
2003-05-01,Switzerland,1,0,1
2003-05-02,Switzerland,1,0,1
2003-05-03,Switzerland,1,0,1
2003-05-05,Switzerland,1,0,1
2003-05-06,Switzerland,1,0,1
2003-05-07,Switzerland,1,0,1
2003-05-08,Switzerland,1,0,1
2003-05-09,Switzerland,1,0,1
2003-05-10,Switzerland,1,0,1
2003-05-12,Switzerland,1,0,1
2003-05-13,Switzerland,1,0,1
2003-05-14,Switzerland,1,0,1
2003-05-15,Switzerland,1,0,1
2003-05-16,Switzerland,1,0,1
2003-05-17,Switzerland,1,0,1
2003-05-19,Switzerland,1,0,1
2003-05-20,Switzerland,1,0,1
2003-05-21,Switzerland,1,0,1
2003-05-22,Switzerland,1,0,1
2003-05-23,Switzerland,1,0,1
2003-05-24,Switzerland,1,0,1
2003-05-26,Switzerland,1,0,1
2003-05-27,Switzerland,1,0,1
2003-05-28,Switzerland,1,0,1
2003-05-29,Switzerland,1,0,1
2003-05-30,Switzerland,1,0,1
2003-05-31,Switzerland,1,0,1
2003-06-02,Switzerland,1,0,1
2003-06-03,Switzerland,1,0,1
2003-06-04,Switzerland,1,0,1
2003-06-05,Switzerland,1,0,1
2003-06-06,Switzerland,1,0,1
2003-06-09,Switzerland,1,0,1
2003-06-10,Switzerland,1,0,1
2003-06-11,Switzerland,1,0,1
2003-06-12,Switzerland,1,0,1
2003-06-13,Switzerland,1,0,1
2003-06-16,Switzerland,1,0,1
2003-06-17,Switzerland,1,0,1
2003-06-18,Switzerland,1,0,1
2003-06-19,Switzerland,1,0,1
2003-06-20,Switzerland,1,0,1
2003-06-23,Switzerland,1,0,1
2003-06-24,Switzerland,1,0,1
2003-06-25,Switzerland,1,0,1
2003-06-26,Switzerland,1,0,1
2003-06-27,Switzerland,1,0,1
2003-06-30,Switzerland,1,0,1
2003-07-01,Switzerland,1,0,1
2003-07-02,Switzerland,1,0,1
2003-07-03,Switzerland,1,0,1
2003-07-04,Switzerland,1,0,1
2003-07-07,Switzerland,1,0,1
2003-07-08,Switzerland,1,0,1
2003-07-09,Switzerland,1,0,1
2003-07-10,Switzerland,1,0,1
2003-07-11,Switzerland,1,0,1
2003-03-17,Thailand,1,0,0
2003-03-18,Thailand,1,0,0
2003-03-19,Thailand,1,0,0
2003-03-20,Thailand,1,0,0
2003-03-21,Thailand,4,0,0
2003-03-22,Thailand,4,0,0
2003-03-24,Thailand,5,0,0
2003-03-25,Thailand,5,0,0
2003-03-26,Thailand,3,0,0
2003-03-27,Thailand,3,0,0
2003-03-28,Thailand,3,0,0
2003-03-29,Thailand,3,1,0
2003-03-31,Thailand,5,1,0
2003-04-01,Thailand,6,1,0
2003-04-02,Thailand,7,2,0
2003-04-03,Thailand,7,2,0
2003-04-04,Thailand,7,2,0
2003-04-05,Thailand,7,2,0
2003-04-07,Thailand,7,2,0
2003-04-08,Thailand,7,2,0
2003-04-09,Thailand,7,2,0
2003-04-10,Thailand,7,2,5
2003-04-11,Thailand,7,2,5
2003-04-12,Thailand,8,2,5
2003-04-14,Thailand,8,2,5
2003-04-15,Thailand,8,2,5
2003-04-16,Thailand,8,2,5
2003-04-17,Thailand,8,2,5
2003-04-18,Thailand,7,2,6
2003-04-19,Thailand,7,2,6
2003-04-21,Thailand,7,2,5
2003-04-22,Thailand,7,2,5
2003-04-23,Thailand,7,2,5
2003-04-24,Thailand,8,2,5
2003-04-25,Thailand,8,2,5
2003-04-26,Thailand,7,2,5
2003-04-28,Thailand,7,2,5
2003-04-29,Thailand,7,2,5
2003-04-30,Thailand,7,2,5
2003-05-01,Thailand,7,2,5
2003-05-02,Thailand,7,2,5
2003-05-03,Thailand,7,2,5
2003-05-05,Thailand,7,2,5
2003-05-06,Thailand,7,2,5
2003-05-07,Thailand,7,2,5
2003-05-08,Thailand,7,2,5
2003-05-09,Thailand,7,2,5
2003-05-10,Thailand,7,2,5
2003-05-12,Thailand,7,2,5
2003-05-13,Thailand,7,2,5
2003-05-14,Thailand,8,2,5
2003-05-15,Thailand,8,2,5
2003-05-16,Thailand,8,2,5
2003-05-17,Thailand,8,2,5
2003-05-19,Thailand,8,2,5
2003-05-20,Thailand,8,2,5
2003-05-21,Thailand,8,2,5
2003-05-22,Thailand,8,2,5
2003-05-23,Thailand,8,2,5
2003-05-24,Thailand,8,2,5
2003-05-26,Thailand,8,2,6
2003-05-27,Thailand,8,2,6
2003-05-28,Thailand,8,2,6
2003-05-29,Thailand,8,2,6
2003-05-30,Thailand,8,2,6
2003-05-31,Thailand,8,2,6
2003-06-02,Thailand,8,2,6
2003-06-03,Thailand,8,2,6
2003-06-04,Thailand,8,2,6
2003-06-05,Thailand,8,2,6
2003-06-06,Thailand,8,2,6
2003-06-09,Thailand,9,2,6
2003-06-10,Thailand,9,2,6
2003-06-11,Thailand,9,2,6
2003-06-12,Thailand,9,2,6
2003-06-13,Thailand,9,2,6
2003-06-16,Thailand,9,2,6
2003-06-17,Thailand,9,2,6
2003-06-18,Thailand,9,2,6
2003-06-19,Thailand,9,2,6
2003-06-20,Thailand,9,2,6
2003-06-23,Thailand,9,2,7
2003-06-24,Thailand,9,2,7
2003-06-25,Thailand,9,2,7
2003-06-26,Thailand,9,2,7
2003-06-27,Thailand,9,2,7
2003-06-30,Thailand,9,2,7
2003-07-01,Thailand,9,2,7
2003-07-02,Thailand,9,2,7
2003-07-03,Thailand,9,2,7
2003-07-04,Thailand,9,2,7
2003-07-07,Thailand,9,2,7
2003-07-08,Thailand,9,2,7
2003-07-09,Thailand,9,2,7
2003-07-10,Thailand,9,2,7
2003-07-11,Thailand,9,2,7
2003-03-18,United Kingdom,1,0,0
2003-03-19,United Kingdom,1,0,0
2003-03-20,United Kingdom,2,0,0
2003-03-21,United Kingdom,2,0,0
2003-03-22,United Kingdom,2,0,0
2003-03-24,United Kingdom,3,0,0
2003-03-25,United Kingdom,3,0,0
2003-03-26,United Kingdom,3,0,0
2003-03-27,United Kingdom,3,0,0
2003-03-28,United Kingdom,3,0,0
2003-03-29,United Kingdom,3,0,0
2003-03-31,United Kingdom,3,0,0
2003-04-01,United Kingdom,3,0,0
2003-04-02,United Kingdom,3,0,0
2003-04-03,United Kingdom,3,0,0
2003-04-04,United Kingdom,3,0,0
2003-04-05,United Kingdom,4,0,0
2003-04-07,United Kingdom,5,0,0
2003-04-08,United Kingdom,5,0,0
2003-04-09,United Kingdom,5,0,0
2003-04-10,United Kingdom,5,0,3
2003-04-11,United Kingdom,5,0,3
2003-04-12,United Kingdom,6,0,3
2003-04-14,United Kingdom,6,0,3
2003-04-15,United Kingdom,6,0,3
2003-04-16,United Kingdom,6,0,3
2003-04-17,United Kingdom,6,0,3
2003-04-18,United Kingdom,6,0,5
2003-04-19,United Kingdom,6,0,5
2003-04-21,United Kingdom,6,0,5
2003-04-22,United Kingdom,6,0,5
2003-04-23,United Kingdom,6,0,5
2003-04-24,United Kingdom,6,0,6
2003-04-25,United Kingdom,6,0,6
2003-04-26,United Kingdom,6,0,6
2003-04-28,United Kingdom,6,0,6
2003-04-29,United Kingdom,6,0,6
2003-04-30,United Kingdom,6,0,6
2003-05-01,United Kingdom,6,0,6
2003-05-02,United Kingdom,6,0,6
2003-05-03,United Kingdom,6,0,6
2003-05-05,United Kingdom,6,0,6
2003-05-06,United Kingdom,6,0,6
2003-05-07,United Kingdom,6,0,6
2003-05-08,United Kingdom,6,0,6
2003-05-09,United Kingdom,6,0,6
2003-05-10,United Kingdom,6,0,6
2003-05-12,United Kingdom,6,0,6
2003-05-13,United Kingdom,4,0,4
2003-05-14,United Kingdom,4,0,4
2003-05-15,United Kingdom,4,0,4
2003-05-16,United Kingdom,4,0,4
2003-05-17,United Kingdom,4,0,4
2003-05-19,United Kingdom,4,0,4
2003-05-20,United Kingdom,4,0,4
2003-05-21,United Kingdom,4,0,4
2003-05-22,United Kingdom,4,0,4
2003-05-23,United Kingdom,4,0,4
2003-05-24,United Kingdom,4,0,4
2003-05-26,United Kingdom,4,0,4
2003-05-27,United Kingdom,4,0,4
2003-05-28,United Kingdom,4,0,4
2003-05-29,United Kingdom,4,0,4
2003-05-30,United Kingdom,4,0,4
2003-05-31,United Kingdom,4,0,4
2003-06-02,United Kingdom,4,0,4
2003-06-03,United Kingdom,4,0,4
2003-06-04,United Kingdom,4,0,4
2003-06-05,United Kingdom,4,0,4
2003-06-06,United Kingdom,4,0,4
2003-06-09,United Kingdom,4,0,4
2003-06-10,United Kingdom,4,0,4
2003-06-11,United Kingdom,4,0,4
2003-06-12,United Kingdom,4,0,4
2003-06-13,United Kingdom,4,0,4
2003-06-16,United Kingdom,4,0,4
2003-06-17,United Kingdom,4,0,4
2003-06-18,United Kingdom,4,0,4
2003-06-19,United Kingdom,4,0,4
2003-06-20,United Kingdom,4,0,4
2003-06-23,United Kingdom,4,0,4
2003-06-24,United Kingdom,4,0,4
2003-06-25,United Kingdom,4,0,4
2003-06-26,United Kingdom,4,0,4
2003-06-27,United Kingdom,4,0,4
2003-06-30,United Kingdom,4,0,4
2003-07-01,United Kingdom,4,0,4
2003-07-02,United Kingdom,4,0,4
2003-07-03,United Kingdom,4,0,4
2003-07-04,United Kingdom,4,0,4
2003-07-07,United Kingdom,4,0,4
2003-07-08,United Kingdom,4,0,4
2003-07-09,United Kingdom,4,0,4
2003-07-10,United Kingdom,4,0,4
2003-07-11,United Kingdom,4,0,4
2003-03-19,United States of America,11,0,0
2003-03-20,United States of America,11,0,0
2003-03-21,United States of America,13,0,0
2003-03-22,United States of America,22,0,0
2003-03-24,United States of America,37,0,0
2003-03-25,United States of America,39,0,0
2003-03-26,United States of America,40,0,0
2003-03-27,United States of America,45,0,0
2003-03-28,United States of America,51,0,0
2003-03-29,United States of America,59,0,0
2003-03-31,United States of America,59,0,0
2003-04-01,United States of America,69,0,0
2003-04-02,United States of America,72,0,0
2003-04-03,United States of America,85,0,0
2003-04-04,United States of America,100,0,0
2003-04-05,United States of America,115,0,0
2003-04-07,United States of America,141,0,0
2003-04-08,United States of America,148,0,0
2003-04-09,United States of America,149,0,0
2003-04-10,United States of America,154,0,0
2003-04-11,United States of America,166,0,0
2003-04-12,United States of America,166,0,0
2003-04-14,United States of America,174,0,0
2003-04-15,United States of America,193,0,0
2003-04-16,United States of America,193,0,0
2003-04-17,United States of America,199,0,0
2003-04-18,United States of America,220,0,0
2003-04-19,United States of America,220,0,0
2003-04-21,United States of America,39,0,0
2003-04-22,United States of America,38,0,0
2003-04-23,United States of America,39,0,0
2003-04-24,United States of America,37,0,0
2003-04-25,United States of America,39,0,0
2003-04-26,United States of America,41,0,0
2003-04-28,United States of America,41,0,0
2003-04-29,United States of America,41,0,0
2003-04-30,United States of America,52,0,0
2003-05-01,United States of America,54,0,23
2003-05-02,United States of America,56,0,24
2003-05-03,United States of America,54,0,24
2003-05-05,United States of America,61,0,26
2003-05-06,United States of America,65,0,32
2003-05-07,United States of America,65,0,32
2003-05-08,United States of America,63,0,33
2003-05-09,United States of America,63,0,33
2003-05-10,United States of America,64,0,34
2003-05-12,United States of America,64,0,34
2003-05-13,United States of America,64,0,35
2003-05-14,United States of America,64,0,35
2003-05-15,United States of America,64,0,35
2003-05-16,United States of America,65,0,34
2003-05-17,United States of America,66,0,34
2003-05-19,United States of America,67,0,34
2003-05-20,United States of America,67,0,34
2003-05-21,United States of America,66,0,33
2003-05-22,United States of America,65,0,33
2003-05-23,United States of America,65,0,33
2003-05-24,United States of America,65,0,33
2003-05-26,United States of America,65,0,33
2003-05-27,United States of America,65,0,32
2003-05-28,United States of America,66,0,32
2003-05-29,United States of America,66,0,32
2003-05-30,United States of America,66,0,32
2003-05-31,United States of America,66,0,32
2003-06-02,United States of America,66,0,32
2003-06-03,United States of America,68,0,33
2003-06-04,United States of America,69,0,34
2003-06-05,United States of America,69,0,34
2003-06-06,United States of America,68,0,35
2003-06-09,United States of America,68,0,35
2003-06-10,United States of America,69,0,36
2003-06-11,United States of America,71,0,36
2003-06-12,United States of America,70,0,36
2003-06-13,United States of America,71,0,36
2003-06-16,United States of America,72,0,36
2003-06-17,United States of America,73,0,36
2003-06-18,United States of America,75,0,36
2003-06-19,United States of America,75,0,36
2003-06-20,United States of America,74,0,36
2003-06-23,United States of America,74,0,36
2003-06-24,United States of America,75,0,36
2003-06-25,United States of America,75,0,36
2003-06-26,United States of America,74,0,36
2003-06-27,United States of America,74,0,64
2003-06-30,United States of America,73,0,63
2003-07-01,United States of America,73,0,63
2003-07-02,United States of America,73,0,63
2003-07-03,United States of America,73,0,65
2003-07-04,United States of America,73,0,65
2003-07-07,United States of America,73,0,65
2003-07-08,United States of America,74,0,64
2003-07-09,United States of America,75,0,67
2003-07-10,United States of America,75,0,67
2003-07-11,United States of America,75,0,67
2003-03-17,Vietnam,40,1,0
2003-03-18,Vietnam,57,1,0
2003-03-19,Vietnam,56,2,0
2003-03-20,Vietnam,62,2,0
2003-03-21,Vietnam,62,2,0
2003-03-22,Vietnam,63,2,0
2003-03-24,Vietnam,58,4,0
2003-03-25,Vietnam,58,4,0
2003-03-26,Vietnam,58,4,0
2003-03-27,Vietnam,58,4,0
2003-03-28,Vietnam,58,4,0
2003-03-29,Vietnam,58,4,0
2003-03-31,Vietnam,58,4,0
2003-04-01,Vietnam,58,4,0
2003-04-02,Vietnam,58,4,0
2003-04-03,Vietnam,59,4,0
2003-04-04,Vietnam,59,4,0
2003-04-05,Vietnam,59,4,0
2003-04-07,Vietnam,62,4,0
2003-04-08,Vietnam,62,4,0
2003-04-09,Vietnam,62,4,0
2003-04-10,Vietnam,62,4,43
2003-04-11,Vietnam,62,4,43
2003-04-14,Vietnam,63,5,46
2003-04-15,Vietnam,63,5,46
2003-04-16,Vietnam,63,5,46
2003-04-17,Vietnam,63,5,46
2003-04-18,Vietnam,63,5,46
2003-04-19,Vietnam,63,5,46
2003-04-21,Vietnam,63,5,46
2003-04-22,Vietnam,63,5,46
2003-04-23,Vietnam,63,5,46
2003-04-24,Vietnam,63,5,49
2003-04-25,Vietnam,63,5,53
2003-04-26,Vietnam,63,5,53
2003-04-28,Vietnam,63,5,53
2003-04-29,Vietnam,63,5,53
2003-04-30,Vietnam,63,5,53
2003-05-01,Vietnam,63,5,56
2003-05-02,Vietnam,63,5,56
2003-05-03,Vietnam,63,5,58
2003-05-05,Vietnam,63,5,58
2003-05-06,Vietnam,63,5,58
2003-05-07,Vietnam,63,5,58
2003-05-08,Vietnam,63,5,58
2003-05-09,Vietnam,63,5,58
2003-05-10,Vietnam,63,5,58
2003-05-12,Vietnam,63,5,58
2003-05-13,Vietnam,63,5,58
2003-05-14,Vietnam,63,5,58
2003-05-15,Vietnam,63,5,58
2003-05-16,Vietnam,63,5,58
2003-05-17,Vietnam,63,5,58
2003-05-19,Vietnam,63,5,58
2003-05-20,Vietnam,63,5,58
2003-05-21,Vietnam,63,5,58
2003-05-22,Vietnam,63,5,58
2003-05-23,Vietnam,63,5,58
2003-05-24,Vietnam,63,5,58
2003-05-26,Vietnam,63,5,58
2003-05-27,Vietnam,63,5,58
2003-05-28,Vietnam,63,5,58
2003-05-29,Vietnam,63,5,58
2003-05-30,Vietnam,63,5,58
2003-05-31,Vietnam,63,5,58
2003-06-02,Vietnam,63,5,58
2003-06-03,Vietnam,63,5,58
2003-06-04,Vietnam,63,5,58
2003-06-05,Vietnam,63,5,58
2003-06-06,Vietnam,63,5,58
2003-06-09,Vietnam,63,5,58
2003-06-10,Vietnam,63,5,58
2003-06-11,Vietnam,63,5,58
2003-06-12,Vietnam,63,5,58
2003-06-13,Vietnam,63,5,58
2003-06-16,Vietnam,63,5,58
2003-06-17,Vietnam,63,5,58
2003-06-18,Vietnam,63,5,58
2003-06-19,Vietnam,63,5,58
2003-06-20,Vietnam,63,5,58
2003-06-23,Vietnam,63,5,58
2003-06-24,Vietnam,63,5,58
2003-06-25,Vietnam,63,5,58
2003-06-26,Vietnam,63,5,58
2003-06-27,Vietnam,63,5,58
2003-06-30,Vietnam,63,5,58
2003-07-01,Vietnam,63,5,58
2003-07-02,Vietnam,63,5,58
2003-07-03,Vietnam,63,5,58
2003-07-04,Vietnam,63,5,58
2003-07-07,Vietnam,63,5,58
2003-07-08,Vietnam,63,5,58
2003-07-09,Vietnam,63,5,58
2003-07-10,Vietnam,63,5,58
2003-07-11,Vietnam,63,5,58
